<?xml version="1.0" encoding="UTF-8"?>
<project-private xmlns="http://www.netbeans.org/ns/project-private/1">
    <editor-bookmarks xmlns="http://www.netbeans.org/ns/editor-bookmarks/2" lastBookmarkId="0"/>
    <open-files xmlns="http://www.netbeans.org/ns/projectui-open-files/2">
        <group>
            <file>file:/C:/Users/Usuario/Documents/KL/Arquitectura%20De%20Software/REPOSITORIO/ArquitecturaSW/Composite/src/products/AbstractProduct.java</file>
            <file>file:/C:/Users/Usuario/Documents/KL/Arquitectura%20De%20Software/REPOSITORIO/ArquitecturaSW/Composite/src/app/Application.java</file>
            <file>file:/C:/Users/Usuario/Documents/KL/Arquitectura%20De%20Software/REPOSITORIO/ArquitecturaSW/Composite/src/orders/SaleOrder.java</file>
            <file>file:/C:/Users/Usuario/Documents/KL/Arquitectura%20De%20Software/REPOSITORIO/ArquitecturaSW/Composite/src/composite/Composite.java</file>
        </group>
    </open-files>
</project-private>
